PID,SVO_SCORE,SVO_transitivity,Badcase_dura_SVO,SVO_MISS,SVO_Q001,SVO_Q002,SVO_Q003,SVO_Q004,SVO_Q005,SVO_Q006,SVO_T1_Q001_FirstClick,SVO_T1_Q002_FirstClick,SVO_T1_Q003_FirstClick,SVO_T1_Q004_FirstClick,SVO_T1_Q005_FirstClick,SVO_T1_Q006_FirstClick,SVO_T2_Q001_LastClick,SVO_T2_Q002_LastClick,SVO_T2_Q003_LastClick,SVO_T2_Q004_LastClick,SVO_T2_Q005_LastClick,SVO_T2_Q006_LastClick,SVO_T3_Q001_PageSubmit,SVO_T3_Q002_PageSubmit,SVO_T3_Q003_PageSubmit,SVO_T3_Q004_PageSubmit,SVO_T3_Q005_PageSubmit,SVO_T3_Q006_PageSubmit,SVO_T4_Q001_CountClick,SVO_T4_Q002_CountClick,SVO_T4_Q003_CountClick,SVO_T4_Q004_CountClick,SVO_T4_Q005_CountClick,SVO_T4_Q006_CountClick
100002    ,0.07964338,1         ,0         ,0         ,4         ,3         ,5         ,8         ,2         ,3         ,3.661     ,2.218     ,1.308     ,2.878     ,2.707     ,1.732     ,3.661     ,2.218     ,1.308     ,2.878     ,2.707     ,1.732     ,6.045     ,3.437     ,2.658     ,3.796     ,3.857     ,2.586     ,1         ,1         ,1         ,1         ,1         ,1         
100004    ,0.24997862,1         ,0         ,0         ,7         ,6         ,4         ,6         ,4         ,5         ,2.451     ,1.396     ,1.205     ,1.598     ,1.357     ,1.176     ,2.451     ,1.396     ,1.205     ,1.598     ,1.357     ,1.176     ,3.642     ,2.259     ,2.204     ,2.507     ,2.112     ,2.157     ,1         ,1         ,1         ,1         ,1         ,1         
100005    ,0.07964338,1         ,0         ,0         ,4         ,3         ,5         ,8         ,2         ,3         ,3.661     ,2.218     ,1.308     ,2.878     ,2.707     ,1.732     ,3.661     ,2.218     ,1.308     ,2.878     ,2.707     ,1.732     ,6.045     ,3.437     ,2.658     ,3.796     ,3.857     ,2.586     ,1         ,1         ,1         ,1         ,1         ,1         
100006    ,0.24997862,1         ,0         ,0         ,7         ,6         ,4         ,6         ,4         ,5         ,2.451     ,1.396     ,1.205     ,1.598     ,1.357     ,1.176     ,2.451     ,1.396     ,1.205     ,1.598     ,1.357     ,1.176     ,3.642     ,2.259     ,2.204     ,2.507     ,2.112     ,2.157     ,1         ,1         ,1         ,1         ,1         ,1         
