PID,TD_SCORE,Badcase_dura_TD,TD_MISS,TD_Q001,TD_Q002,TD_Q003,TD_Q004,TD_Q005,TD_Q006,TD_Q007,TD_Q008,TD_Q009,TD_Q010,TD_Q011,TD_Q012,TD_Q013,TD_Q014,TD_Q015,TD_T1_FirstClick,TD_T2_LastClick,TD_T3_PageSubmit,TD_T4_CountClick
200001            ,0.0133463352043814,0                 ,0                 ,1                 ,1                 ,2                 ,2                 ,2                 ,2                 ,2                 ,2                 ,2                 ,2                 ,2                 ,2                 ,2                 ,2                 ,2                 ,4.877             ,19.212            ,19.224            ,16                
200002            ,0.0333369120379758,0                 ,0                 ,1                 ,1                 ,1                 ,1                 ,1                 ,2                 ,2                 ,2                 ,2                 ,2                 ,2                 ,2                 ,2                 ,2                 ,2                 ,1.121             ,16.415            ,16.421            ,21                
200003            ,0.0133463352043814,0                 ,0                 ,1                 ,1                 ,2                 ,2                 ,2                 ,2                 ,2                 ,2                 ,2                 ,2                 ,2                 ,2                 ,2                 ,2                 ,2                 ,4.877             ,19.212            ,19.224            ,16                
200004            ,0.0333369120379758,0                 ,0                 ,1                 ,1                 ,1                 ,1                 ,1                 ,2                 ,2                 ,2                 ,2                 ,2                 ,2                 ,2                 ,2                 ,2                 ,2                 ,1.121             ,16.415            ,16.421            ,21                
